{
  "main": {
    "id": "0c9062dd2b523529",
    "type": "split",
    "children": [
      {
        "id": "370bfaa1ce4f59a8",
        "type": "tabs",
        "children": [
          {
            "id": "56757ba466f40dcd",
            "type": "leaf",
            "state": {
              "type": "markdown",
              "state": {
                "file": "Slide Shows/Demo Slide Show.md",
                "mode": "source",
                "source": false
              }
            }
          }
        ]
      },
      {
        "id": "6cf9f484cbeafc02",
        "type": "tabs",
        "children": [
          {
            "id": "e1e5ed8b6eab27fd",
            "type": "leaf",
            "state": {
              "type": "reveal-preview-view",
              "state": {}
            }
          }
        ]
      }
    ],
    "direction": "vertical"
  },
  "left": {
    "id": "cddfe1e441a5d059",
    "type": "split",
    "children": [
      {
        "id": "048393fa384e22da",
        "type": "tabs",
        "dimension": 55.65862708719852,
        "children": [
          {
            "id": "c40730db844dfcba",
            "type": "leaf",
            "state": {
              "type": "file-explorer",
              "state": {
                "sortOrder": "alphabetical"
              }
            }
          },
          {
            "id": "c0002073ccfefc4f",
            "type": "leaf",
            "state": {
              "type": "search",
              "state": {
                "query": "",
                "matchingCase": false,
                "explainSearch": false,
                "collapseAll": false,
                "extraContext": false,
                "sortOrder": "alphabetical"
              }
            }
          },
          {
            "id": "1e195f9cf8aa2380",
            "type": "leaf",
            "state": {
              "type": "starred",
              "state": {}
            }
          }
        ]
      },
      {
        "id": "6197c00b5821c990",
        "type": "tabs",
        "dimension": 44.34137291280148,
        "children": [
          {
            "id": "cb0e85f3cdf55b91",
            "type": "leaf",
            "pinned": true,
            "state": {
              "type": "markdown",
              "state": {
                "file": "Slide Show Options/OBS Commands.md",
                "mode": "source",
                "source": false
              },
              "pinned": true
            }
          },
          {
            "id": "37dbd6939a15c6dd",
            "type": "leaf",
            "pinned": true,
            "state": {
              "type": "markdown",
              "state": {
                "file": "Slide Show Options/Background Options.md",
                "mode": "source",
                "source": false
              },
              "pinned": true
            }
          },
          {
            "id": "aac6743f7cb53902",
            "type": "leaf",
            "pinned": true,
            "state": {
              "type": "markdown",
              "state": {
                "file": "Slide Show Options/Callouts.md",
                "mode": "source",
                "source": false
              },
              "pinned": true
            }
          },
          {
            "id": "e0aa21cf067493f4",
            "type": "leaf",
            "pinned": true,
            "state": {
              "type": "markdown",
              "state": {
                "file": "Slide Show Options/Reveal JS Features.md",
                "mode": "source",
                "source": false
              },
              "pinned": true
            }
          },
          {
            "id": "7bce71d8b94bf6e3",
            "type": "leaf",
            "pinned": true,
            "state": {
              "type": "markdown",
              "state": {
                "file": "Slide Show Options/Mermaid Diagram Commands.md",
                "mode": "source",
                "source": false
              },
              "pinned": true
            }
          },
          {
            "id": "51f9c59fa6bf5d41",
            "type": "leaf",
            "state": {
              "type": "markdown",
              "state": {
                "file": "Slide Show Options/Fragments.md",
                "mode": "source",
                "source": false
              }
            }
          },
          {
            "id": "a78018754623b4de",
            "type": "leaf",
            "state": {
              "type": "markdown",
              "state": {
                "file": "Slide Show Options/Grid.md",
                "mode": "source",
                "source": false
              }
            }
          }
        ],
        "currentTab": 3
      }
    ],
    "direction": "horizontal",
    "width": 439.5
  },
  "right": {
    "id": "13cbd48013e07e15",
    "type": "split",
    "children": [
      {
        "id": "52b97cab700b9a80",
        "type": "tabs",
        "children": [
          {
            "id": "d84a05b6a38c6ff2",
            "type": "leaf",
            "state": {
              "type": "backlink",
              "state": {
                "file": "Slide Shows/Demo Slide Show.md",
                "collapseAll": false,
                "extraContext": false,
                "sortOrder": "alphabetical",
                "showSearch": false,
                "searchQuery": "",
                "backlinkCollapsed": false,
                "unlinkedCollapsed": true
              }
            }
          },
          {
            "id": "243053cfc090aa66",
            "type": "leaf",
            "state": {
              "type": "outgoing-link",
              "state": {
                "file": "Slide Shows/Demo Slide Show.md",
                "linksCollapsed": false,
                "unlinkedCollapsed": true
              }
            }
          },
          {
            "id": "4234c964c932f086",
            "type": "leaf",
            "state": {
              "type": "tag",
              "state": {
                "sortOrder": "frequency",
                "useHierarchy": true
              }
            }
          },
          {
            "id": "6c2292fb0a80d4b6",
            "type": "leaf",
            "state": {
              "type": "outline",
              "state": {
                "file": "Slide Shows/Demo Slide Show.md"
              }
            }
          }
        ]
      }
    ],
    "direction": "horizontal",
    "width": 300,
    "collapsed": true
  },
  "left-ribbon": {
    "hiddenItems": {
      "switcher:Open quick switcher": false,
      "graph:Open graph view": false,
      "canvas:Create new canvas": false,
      "daily-notes:Open today's daily note": false,
      "templates:Insert template": false,
      "command-palette:Open command palette": false,
      "obsidian-advanced-slides:Show Slide Preview": false
    }
  },
  "active": "56757ba466f40dcd",
  "lastOpenFiles": [
    "Slide Show Options/Reveal JS Features.md",
    "Reveal JS.md",
    "Slide Shows/Demo Slide Show.md",
    "Slide Show Options/Background Options.md",
    "Slide Show Options/OBS Commands.md",
    "Slide Show Options/Callouts.md",
    "Slide Show Options/Mermaid Diagram Commands.md",
    "Slide Show Options/Fragments.md",
    "Slide Show Options/Grid.md",
    "images/OBS_Studio_Logo.svg"
  ]
}